{"cameraMode":{"drawMode":0,"name":"Shaded","section":"Shading Mode"},"sceneLighting":false,"audioPlay":false,"sceneViewState":{"m_AlwaysRefresh":false,"showFog":true,"showSkybox":false,"showFlares":true,"showImageEffects":true,"showParticleSystems":true,"showVisualEffectGraphs":true,"m_FxEnabled":true},"in2DMode":false,"pivot":{"x":2.7477548122406008,"y":-1.5406358242034913,"z":10.902792930603028},"rotation":{"x":0.22991332411766053,"y":-0.4856431484222412,"z":0.13408395648002625,"w":0.8326671719551086},"size":3.601109027862549,"orthographic":true}